x,y
-0.47504106273451896,-0.2224306351218388
-0.8436181328348895,0.11543167913683439
-1.21219520293526,0.4532939933955076
-1.5807722730356308,0.7911563076541808
-1.9493493431360014,1.129018621912854
-2.317926413236372,1.4668809361715271
-2.6865034833367427,1.8047432504302003
-3.0550805534371133,2.1426055646888735
-3.423657623537484,2.4804678789475467
-3.7922346936378544,2.81833019320622
-4.160811763738225,3.156192507464893
-4.5293888338385955,3.4940548217235663
-4.8979659039389665,3.8319171359822395
-5.266542974039337,4.169779450240913
-5.635120044139708,4.507641764499586
-6.003697114240078,4.845504078758259
-6.372274184340449,5.183366393016932
-6.74085125444082,5.521228707275606
-7.10942832454119,5.859091021534279
-7.480066556274698,6.194573859592856
-7.867045205876359,6.511192754721487
-8.25402385547802,6.827811649850118
-8.64100250507968,7.14443054497875
-9.02798115468134,7.461049440107381
-9.414959804283,7.7776683352360125
-9.801938453884661,8.094287230364644
-10.188917103486322,8.410906125493275
-10.575895753087982,8.727525020621908
-10.962874402689643,9.044143915750539
-11.349853052291301,9.36076281087917
-11.736831701892964,9.6773817060078
-12.123810351494622,9.994000601136433
-12.510789001096285,10.310619496265064
-12.897767650697944,10.627238391393696
-13.284746300299606,10.943857286522327
-13.671724949901265,11.260476181650958
-14.058703599502927,11.577095076779589
-14.445682249104586,11.89371397190822
-14.832660898706248,12.210332867036852
-15.219639548307907,12.526951762165483
-15.606618197909567,12.843570657294116
-15.993596847511228,13.160189552422747
-16.380575497112886,13.476808447551377
-16.76755414671455,13.793427342680008
-17.15453279631621,14.11004623780864
-17.54151144591787,14.426665132937272
-17.92849009551953,14.743284028065903
-18.31546874512119,15.059902923194535
-18.702447394722853,15.376521818323166
-19.08942604432451,15.693140713451797
-19.47640469392617,16.00975960858043
-19.863383343527836,16.326378503709062
-20.250361993129495,16.642997398837693
-20.637340642731154,16.959616293966324
-21.024319292332816,17.276235189094955
-21.411297941934478,17.59285408422359
-21.798276591536137,17.909472979352216
-22.185255241137796,18.22609187448085
-22.572233890739454,18.54271076960948
-22.959212540341117,18.859329664738112
-23.34619118994278,19.175948559866743
-23.733169839544438,19.492567454995374
-24.1201484891461,19.80918635012401
-24.50712713874776,20.125805245252636
-24.89410578834942,20.44242414038127
-25.28108443795108,20.7590430355099
-25.668063087552742,21.07566193063853
-26.0550417371544,21.392280825767166
-26.442020386756063,21.708899720895793
-26.82899903635772,22.025518616024428
-27.215977685959384,22.34213751115306
-27.602956335561043,22.65875640628169
-27.989934985162705,22.97537530141032
-28.376913634764364,23.29199419653895
-28.763892284366023,23.608613091667582
-29.150870933967685,23.925231986796216
-29.537849583569344,24.241850881924847
-29.924828233171006,24.558469777053478
-30.311806882772665,24.87508867218211
-30.698785532374327,25.19170756731074
-31.085764181975986,25.50832646243937
-31.472742831577648,25.824945357568
-31.859721481179307,26.141564252696636
-32.246700130780965,26.458183147825267
-32.633678780382624,26.774802042953898
-33.02065742998429,27.09142093808253
-33.40763607958595,27.40803983321116
-33.794614729187614,27.72465872833979
-34.18159337878927,28.041277623468424
-34.56857202839093,28.357896518597055
-34.95555067799259,28.674515413725686
-35.34252932759425,28.991134308854317
-35.72950797719591,29.307753203982948
-36.116486626797574,29.62437209911158
-36.50346527639923,29.940990994240213
-36.8904439260009,30.257609889368844
-37.27742257560256,30.574228784497475
-37.664401225204216,30.890847679626106
-38.051379874805875,31.207466574754736
-38.43835852440753,31.524085469883367
-38.82533717400919,31.840704365011998
-39.21231582361086,32.15732326014063
-39.57727979677404,32.4982680989177
-39.93083318736731,32.85182148951097
-40.28438657796059,33.205374880104245
-40.637939968553866,33.558928270697514
-40.99149335914714,33.91248166129079
-41.34504674974041,34.26603505188406
-41.69860014033369,34.61958844247734
-42.052153530926965,34.973141833070606
-42.405706921520235,35.32669522366388
-42.75926031211351,35.68024861425715
-43.11281370270679,36.03380200485043
-43.40540106273451,36.412608352148006
-43.40540106273451,36.912608352148006
-43.40540106273451,37.412608352148006
-43.40540106273451,37.912608352148006
-43.16088425390856,38.3113261737041
-42.79990393153979,38.646949364878154
-42.29990393153979,38.646949364878154
-41.79990393153979,38.646949364878154
-41.29990393153979,38.646949364878154
-40.79990393153979,38.646949364878154
-40.29990393153979,38.646949364878154
-39.79990393153979,38.646949364878154
-39.29990393153979,38.646949364878154
-38.79990393153979,38.646949364878154
-38.30457115684047,38.58127652117901
-37.80959641000989,38.51056584306035
-37.3146216631793,38.4398551649417
-36.81964691634872,38.36914448682304
-36.32467216951814,38.29843380870439
-35.82969742268755,38.22772313058573
-35.334722675856966,38.15701245246708
-34.83974792902639,38.08630177434842
-34.3447731821958,38.01559109622977
-33.849798435365216,37.94488041811111
-33.35482368853464,37.87416973999245
-32.85984894170405,37.8034590618738
-32.364874194873465,37.732748383755144
-31.869899448042887,37.66203770563649
-31.3749247012123,37.591327027517835
-30.87994995438172,37.520616349399184
-30.458502594746385,37.30285089689002
-30.104949204153108,36.949297506296745
-29.62266434836618,36.90652936487815
-29.12266434836618,36.90652936487815
-28.6663198008611,36.75661401641325
-28.244489056995047,36.48817627031667
-27.82265831312899,36.21973852422009
-27.400827569262937,35.95130077812352
-26.978996825396884,35.68286303202694
-26.55716608153083,35.414425285930356
-26.135335337664777,35.145987539833776
-25.71350459379872,34.8775497937372
-25.291673849932668,34.60911204764062
-24.869843106066615,34.34067430154404
-24.44801236220056,34.07223655544746
-24.026181618334505,33.80379880935089
-23.60435087446845,33.53536106325431
-23.1825201306024,33.266923317157726
-22.760689386736345,32.998485571061146
-22.34907747691361,32.715373839654276
-21.95099637985206,32.412832205887504
-21.552915282790508,32.110290572120725
-21.15483418572896,31.807748938353942
-20.756753088667406,31.505207304587163
-20.358671991605856,31.202665670820384
-19.960590894544303,30.900124037053605
-19.562509797482754,30.597582403286825
-19.1644287004212,30.295040769520046
-18.76634760335965,29.992499135753267
-18.3682665062981,29.68995750198649
-17.97018540923655,29.387415868219712
-17.572104312174996,29.084874234452933
-17.174023215113444,28.782332600686154
-16.775942118051894,28.479790966919374
-16.377861020990345,28.177249333152595
-15.979779923928792,27.874707699385816
-15.58169882686724,27.572166065619037
-15.18361772980569,27.269624431852257
-14.785536632744137,26.967082798085478
-14.387455535682587,26.6645411643187
-13.989374438621036,26.36199953055192
-13.591293341559483,26.05945789678514
-13.193212244497932,25.75691626301836
-12.795131147436381,25.454374629251582
-12.39705005037483,25.151832995484803
-11.998968953313279,24.849291361718024
-11.600887856251727,24.546749727951244
-11.202806759190176,24.244208094184465
-10.804725662128625,23.941666460417686
-10.406644565067074,23.639124826650907
-10.008563468005523,23.336583192884127
-9.610482370943972,23.034041559117348
-9.21240127388242,22.73149992535057
-8.81432017682087,22.42895829158379
-8.416239079759318,22.12641665781701
-8.018157982697767,21.82387502405023
-7.5184900272505715,21.82288936487816
-7.0184900272505715,21.82288936487816
-6.5184900272505715,21.82288936487816
-6.0184900272505715,21.82288936487816
-5.543829357693411,21.914372387902823
-5.115082894837138,22.171620265616585
-4.686336431980865,22.42886814333035
-4.257589969124593,22.686116021044114
-3.82884350626832,22.94336389875788
-3.4000970434120474,23.200611776471643
-2.9713505805557747,23.45785965418541
-2.7956010627345194,23.858351968086563
-2.7956010627345194,24.358351968086563
-2.7956010627345194,24.858351968086563
-2.7956010627345194,25.358351968086563
-2.7956010627345194,25.858351968086563
-2.7956010627345194,26.358351968086563
-2.7956010627345194,26.858351968086563
-2.936116738630795,27.325180716670715
-3.1597235363807745,27.772394312170672
-3.383330334130754,28.219607907670632
-3.6069371318807337,28.666821503170592
-3.8305439296307133,29.11403509867055
-3.9558810627345196,29.584447015153113
-4.000025715822167,30.077283324141106
-4.158139598830585,30.551624973166362
-4.316253481839005,31.025966622191618
-4.474367364847423,31.500308271216877
-4.632481247855842,31.974649920242133
-4.7905951308642605,32.44899156926739
-4.948709013872679,32.92333321829265
-5.1068228968810985,33.3976748673179
-5.264936779889517,33.87201651634316
-5.423050662897936,34.346358165368414
-5.581164545906354,34.82069981439368
-5.739278428914773,35.29504146341893
-5.897392311923192,35.76938311244419
-6.055506194931611,36.243724761469444
-6.213620077940029,36.7180664104947
-6.276441062734513,37.20787196807278
-6.276441062734513,37.70787196807278
-6.276441062734513,38.20787196807278
-6.276441062734513,38.70787196807278
-6.276441062734513,39.20787196807278
-6.061428546106015,39.65711439813515
-5.837821748356036,40.10432799363511
-5.614214950606057,40.55154158913507
-5.390608152856078,40.99875518463502
-5.167001355106099,41.44596878013498
-4.94339455735612,41.89318237563494
-4.719787759606142,42.340395971134896
-4.496180961856163,42.787609566634856
-4.272574164106183,43.234823162134816
-4.048967366356205,43.682036757634776
-3.8253605686062264,44.12925035313473
-3.6017537708562477,44.57646394863469
-3.3781469731062685,45.02367754413465
-3.15454017535629,45.4708911396346
-2.930933377606311,45.91810473513456
-2.7073265798563324,46.36531833063452
-2.4837197821063532,46.81253192613448
-2.2601129843563745,47.259745521634436
-2.0365061866063954,47.706959117134396
-1.812899388856417,48.154172712634356
-1.589292591106438,48.60138630813431
-1.3656857933564597,49.04859990363427
-1.1420789956064805,49.49581349913423
-0.9184721978565014,49.94302709463419
-0.6948654001065231,50.39024069013414
-0.47125860235654393,50.8374542856341
-0.24765180460656477,51.284667881134055
-0.024045006856586504,51.731881476634015
0.19956179089339265,52.179095072133975
0.4231685886433709,52.626308667633936
0.6467753863933501,53.073522263133896
0.8703821841433292,53.52073585863385
1.0939889818933075,53.96794945413381
1.3175957796432867,54.41516304963376
1.5412025773932658,54.86237664513372
1.764809375143244,55.30959024063368
2.0227611442116653,55.736872675297434
2.300111242324278,56.15289782246635
2.5774613404368907,56.568922969635274
2.8548114385495036,56.98494811680419
3.0057989372654816,57.4392327805909
3.0781925865011885,57.92026918574164
3.3233232063174682,58.35605695430391
3.568453826133748,58.79184472286619
3.813584445950027,59.22763249142846
4.058715065766307,59.66342025999074
4.303845685582587,60.09920802855301
4.548976305398867,60.534995797115286
4.794106925215146,60.97078356567756
5.039237545031425,61.406571334239835
5.284368164847705,61.84235910280211
5.529498784663985,62.278146871364385
5.774629404480264,62.71393463992666
6.019760024296544,63.149722408488934
6.264890644112823,63.58551017705121
6.510021263929103,64.02129794561348
6.755151883745382,64.45708571417576
7.000282503561662,64.89287348273804
7.245413123377942,65.3286612513003
7.4905437431942214,65.76444901986258
7.735674363010501,66.20023678842486
7.980804982826781,66.63602455698714
8.22593560264306,67.07181232554942
8.47106622245934,67.50760009411168
8.71619684227562,67.94338786267396
8.9613274620919,68.37917563123624
9.20645808190818,68.81496339979851
9.451588701724459,69.25075116836078
9.696719321540737,69.68653893692306
9.941849941357017,70.12232670548534
10.186980561173296,70.55811447404761
10.432111180989576,70.99390224260988
10.677241800805856,71.42969001117216
10.922372420622136,71.86547777973443
11.167503040438415,72.30126554829671
11.412633660254695,72.73705331685898
11.657764280070975,73.17284108542125
11.902894899887254,73.60862885398353
12.148025519703534,74.04441662254581
12.393156139519814,74.48020439110809
12.638286759336093,74.91599215967035
12.883417379152373,75.35177992823263
13.128547998968653,75.78756769679491
13.373678618784933,76.22335546535719
13.399139096619143,76.70030824940254
13.328428418500488,77.19528299623312
13.257717740381834,77.69025774306371
13.187007062263179,78.18523248989429
13.116296384144524,78.68020723672487
13.04558570602587,79.17518198355546
12.974875027907213,79.67015673038604
12.904164349788559,80.16513147721662
12.833453671669904,80.66010622404721
12.76274299355125,81.15508097087779
12.692032315432595,81.65005571770837
12.62132163731394,82.14503046453896
12.550610959195286,82.64000521136954
12.479900281076631,83.13497995820012
12.409189602957975,83.62995470503071
12.33847892483932,84.12492945186129
12.267768246720665,84.61990419869187
12.19705756860201,85.11487894552246
12.126346890483356,85.60985369235304
12.055636212364702,86.10482843918362
11.984925534246047,86.59980318601421
11.91421485612739,87.09477793284479
11.843504178008736,87.58975267967537
11.772793499890081,88.08472742650596
11.702082821771427,88.57970217333654
11.631372143652772,89.07467692016712
11.560661465534118,89.56965166699771
11.489950787415463,90.0646264138283
11.419240109296808,90.55960116065887
11.348529431178154,91.05457590748946
11.277818753059497,91.54955065432004
11.207108074940843,92.04452540115062
11.136397396822188,92.53950014798122
11.127758937265483,93.03888623156263
11.127758937265483,93.53888623156263
11.127758937265483,94.03888623156263
11.127758937265483,94.53888623156263
11.21144988029807,95.00422030791074
11.565003270891344,95.357773698504
11.918556661484619,95.71132708909728
12.272110052077894,96.06488047969056
12.625663442671168,96.41843387028383
12.979216833264442,96.77198726087711
13.332770223857716,97.12554065147039
13.686323614450991,97.47909404206365
14.04460652357433,97.82122936487815
14.54460652357433,97.82122936487815
15.04460652357433,97.82122936487815
15.54460652357433,97.82122936487815
16.04460652357433,97.82122936487815
16.54460652357433,97.82122936487815
17.04460652357433,97.82122936487815
17.54460652357433,97.82122936487815
18.04460652357433,97.82122936487815
18.54460652357433,97.82122936487815
18.934763486676495,97.55604481546715
19.28831687726977,97.20249142487386
19.641870267863048,96.84893803428058
20.06400281142409,96.66094936487815
20.52589866385182,96.55953710411511
20.90218701120526,96.23028480018084
21.278475358558698,95.90103249624659
21.65476370591214,95.57178019231233
22.031052053265576,95.24252788837806
22.407340400619017,94.91327558444381
22.783628747972454,94.58402328050956
23.159917095325895,94.25477097657529
23.536205442679332,93.92551867264103
23.912493790032773,93.59626636870678
24.28878213738621,93.26701406477251
24.66507048473965,92.93776176083826
25.04135883209309,92.60850945690399
25.395501918249966,92.25558638389367
25.74905530884324,91.9020329933004
26.102608699436516,91.54847960270712
26.45616209002979,91.19492621211384
26.809715480623062,90.84137282152058
27.16326887121634,90.4878194309273
27.51682226180961,90.13426604033403
27.87037565240289,89.78071264974075
28.22392904299616,89.42715925914747
28.577482433589438,89.07360586855421
28.93103582418271,88.72005247796093
29.284589214775984,88.36649908736766
29.63814260536926,88.01294569677438
29.991695995962537,87.6593923061811
30.34524938655581,87.30583891558784
30.698802777149083,86.95228552499456
31.05235616774236,86.59873213440129
31.405909558335633,86.24517874380801
31.75946294892891,85.89162535321474
32.11301633952218,85.53807196262146
32.46656973011546,85.18451857202818
32.820123120708736,84.8309651814349
33.17367651130201,84.47741179084163
33.52722990189529,84.12385840024835
33.75321893726549,83.7174661236463
33.75321893726549,83.2174661236463
33.75321893726549,82.7174661236463
33.75321893726549,82.2174661236463
33.75321893726549,81.7174661236463
33.75321893726549,81.2174661236463
33.75321893726549,80.7174661236463
33.75321893726549,80.2174661236463
33.75321893726549,79.7174661236463
33.75321893726549,79.2174661236463
33.75321893726549,78.7174661236463
33.75321893726549,78.2174661236463
33.815526686309454,77.72262287061437
33.897726179962135,77.22942590869829
33.97992567361481,76.73622894678222
34.06212516726749,76.24303198486615
34.14432466092017,75.74983502295007
34.22652415457285,75.256638061034
34.308723648225524,74.76344109911793
34.33335893726549,74.2654799779735
34.39884583268409,73.77354178320377
34.52011364520225,73.28847053313109
34.64138145772042,72.80339928305843
34.76264927023858,72.31832803298576
34.88391708275675,71.8332567829131
35.00518489527492,71.34818553284043
35.126452707793085,70.86311428276775
35.247720520311255,70.37804303269509
35.368988332829424,69.89297178262242
35.49025614534759,69.40790053254976
35.61152395786576,68.9228292824771
35.73279177038392,68.43775803240442
35.85405958290209,67.95268678233175
35.97532739542026,67.46761553225909
36.11585006162924,66.98966711615066
36.33945685937922,66.5424535206507
36.5630636571292,66.09523992515074
36.65391893726549,65.61668794737768
36.78929123957606,65.16417398698995
37.101638763353264,64.77373958226843
37.41398628713048,64.38330517754692
37.72633381090769,63.992870772825405
38.0386813346849,63.60243636810389
38.351028858462115,63.21200196338238
38.66337638223932,62.82156755866086
38.975888146206195,62.43128015593745
39.32944153679947,62.077726765344174
39.73264440455099,61.81694427142106
40.22293474239645,61.718886203851966
40.713225080241905,61.620828136282874
41.20351541808736,61.52277006871378
41.69380575593282,61.42471200114469
42.18409609377828,61.3266539335756
42.67438643162374,61.22859586600651
43.164676769469196,61.130537798437416
43.654967107314654,61.032479730868324
44.14525744516011,60.93442166329923
44.63554778300557,60.83636359573014
45.12583812085103,60.73830552816105
45.62127964235508,60.69226936487816
46.12127964235508,60.69226936487816
46.603648163835075,60.6340365471651
47.01967331100399,60.35668644905249
47.435698458172915,60.079336350939876
47.85172360534183,59.80198625282726
48.26609247779331,59.52261582435034
48.619645868386584,59.16906243375706
48.83685893726549,58.75903503281138
48.831499565825446,58.25916256463727
48.80771699111772,57.75972849577505
48.78393441641,57.260294426912836
48.760151841702275,56.760860358050614
48.73636926699455,56.26142628918839
48.71258669228683,55.76199222032618
48.688804117579096,55.262558151463956
48.66502154287137,54.763124082601735
48.64123896816365,54.26369001373952
48.617456393455925,53.7642559448773
48.5936738187482,53.26482187601508
48.56989124404048,52.76538780715286
48.54610866933275,52.26595373829064
48.52232609462503,51.76651966942842
48.4985435199173,51.267085600566205
48.474760945209574,50.76765153170398
48.45097837050185,50.26821746284176
48.42719579579413,49.76878339397955
48.4034132210864,49.269349325117325
48.37963064637868,48.7699152562551
48.355848071670955,48.27048118739289
48.33206549696323,47.77104711853067
48.3082829222555,47.271613049668446
48.28450034754778,46.77217898080623
48.26071777284005,46.27274491194401
48.25671893726549,45.772840068401806
48.25671893726549,45.272840068401806
48.25671893726549,44.77284006840182
48.25671893726549,44.27284006840184
48.25671893726549,43.77284006840187
48.25671893726549,43.27284006840189
48.25671893726549,42.7728400684019
48.25671893726549,42.2728400684019
48.25671893726549,41.772840068401905
48.25671893726549,41.27284006840191
48.25671893726549,40.77284006840191
48.30793799573271,40.28493124794372
48.53154479348269,39.83771765244376
48.75515159123267,39.3905040569438
48.83685893726549,38.90979254486862
49.004554132898875,38.47925416924477
49.35810752349214,38.125700778651506
49.7116609140854,37.772147388058244
49.99713893726549,37.390396257018914
50.00854676723436,36.895121534909286
50.36210015782762,36.541568144316024
50.71565354842089,36.18801475372275
51.06920693901417,35.834461363129456
51.276083215369695,35.3902565305655
51.434197098378114,34.915914881540246
51.59231098138653,34.44157323251499
51.75042486439495,33.967231583489735
51.90853874740337,33.49288993446447
52.06665263041179,33.018548285439216
52.22476651342021,32.54420663641396
52.382880396428625,32.069864987388705
52.540994279437044,31.59552333836345
52.69910816244546,31.121181689338194
52.85722204545388,30.646840040312938
53.0153359284623,30.172498391287682
53.17344981147072,29.698156742262427
53.33156369447914,29.22381509323717
53.477978937265476,28.747575016249524
53.477978937265476,28.247575016249524
53.477978937265476,27.747575016249524
53.477978937265476,27.247575016249524
53.477978937265476,26.747575016249524
53.477978937265476,26.247575016249513
53.4449227022319,25.75164442474387
53.32365488971374,25.2665731746712
53.20238707719557,24.781501924598533
53.081119264677405,24.296430674525865
52.959851452159235,23.811359424453197
52.73176165462886,23.384120717822864
52.391879322048894,23.0174055695129
52.051996989468925,22.65069042120293
51.71211465688896,22.283975272892967
51.37223232430899,21.917260124583002
51.03234999172902,21.550544976273034
50.69246765914905,21.18382982796307
50.352585326569084,20.817114679653102
50.012702993989116,20.450399531343137
49.67282066140915,20.083684383033173
49.33293832882918,19.716969234723205
48.99305599624921,19.35025408641324
48.65317366366924,18.983538938103273
48.313291331089275,18.616823789793308
47.973408998509306,18.250108641483344
47.63352666592934,17.883393493173376
47.29364433334937,17.51667834486341
46.9537620007694,17.149963196553443
46.61387966818943,16.78324804824348
46.273997335609465,16.416532899933514
45.9341150030295,16.049817751623547
45.59423267044953,15.683102603313582
45.25435033786956,15.316387455003616
44.91446800528959,14.94967230669365
44.574585672709624,14.582957158383683
44.234703340129656,14.216242010073719
43.89482100754969,13.849526861763753
43.55493867496972,13.482811713453787
43.21505634238975,13.11609656514382
42.87517400980978,12.749381416833854
42.535291677229814,12.38266626852389
42.195409344649846,12.015951120213924
41.85552701206988,11.649235971903957
41.51564467948991,11.282520823593991
41.17576234690994,10.915805675284027
40.83588001432997,10.54909052697406
40.495997681750005,10.182375378664094
40.15611534917004,9.815660230354128
39.81623301659007,9.448945082044162
39.4763506840101,9.082229933734197
39.13646835143013,8.715514785424231
38.796586018850164,8.348799637114265
38.456703686270195,7.982084488804299
38.11682135369023,7.615369340494333
37.77693902111026,7.248654192184368
37.43705668853029,6.8819390438744
37.09717435595032,6.515223895564436
36.757292023370354,6.148508747254471
36.41740969079039,5.781793598944503
36.07752735821042,5.415078450634539
35.73764502563046,5.048363302324574
35.39776269305048,4.681648154014606
35.05788036047052,4.314933005704642
34.717998027890545,3.948217857394674
34.37811569531058,3.5815027090847096
34.03823336273061,3.214787560774745
33.69835103015065,2.848072412464777
33.35846869757067,2.4813572641548127
33.01858636499071,2.1146421158448447
32.678704032410735,1.7479269675348803
32.338821699830774,1.3812118192249159
31.998939367250802,1.0144966709149479
31.659057034670834,0.6477815226049835
31.319174702090866,0.28106637429501546
30.979292369510897,-0.08564877401494897
30.63083817584739,-0.4441113965399328
30.27728478525413,-0.7976647871331972
29.779316854025964,-0.8025706351218389
29.279316854025964,-0.8025706351218389
28.779316854025964,-0.8025706351218389
28.279316854025964,-0.8025706351218389
27.82984154443802,-0.6805932422943701
27.476288153844752,-0.32703985170110567
27.12273476325149,0.02651353889215874
26.769181372658224,0.3800669294854237
26.41562798206495,0.7336203200786963
26.062074591471678,1.0871737106719688
25.708521200878405,1.4407271012652414
25.35496781028513,1.794280491858514
24.999837722393035,2.146205503821084
24.635069120322992,2.488176068261748
24.270300518252952,2.8301466327024123
23.90553191618291,3.172117197143076
23.540763314112866,3.5140877615837405
23.175994712042826,3.856058326024405
22.811226109972782,4.198028890465069
22.446457507902743,4.5399994549057325
22.0816889058327,4.881970019346397
21.716920303762656,5.223940583787061
21.352151701692616,5.565911148227725
20.987383099622573,5.90788171266839
20.622614497552533,6.249852277109054
20.25784589548249,6.5918228415497175
19.893077293412446,6.933793405990382
19.528308691342406,7.275763970431046
19.163540089272363,7.61773453487171
18.798771487202323,7.959705099312375
18.43400288513228,8.301675663753038
18.069234283062237,8.643646228193703
17.704465680992197,8.985616792634367
17.339697078922157,9.327587357075032
16.974928476852114,9.669557921515695
16.61015987478207,10.011528485956358
16.245391272712027,10.353499050397023
15.880622670641987,10.695469614837688
15.422049649797142,10.80022936487816
14.922049649797144,10.80022936487816
14.422049649797168,10.80022936487816
13.922049649797193,10.80022936487816
13.422049649797218,10.80022936487816
12.922049649797241,10.80022936487816
12.422049649797266,10.80022936487816
12.02924543025508,10.541435857867757
11.675692039661808,10.187882467274484
11.322138649068535,9.834329076681211
10.968585258475262,9.480775686087938
10.61503186788199,9.127222295494667
10.547618937265483,8.65514564563534
10.547618937265483,8.15514564563534
10.547618937265483,7.65514564563534
10.547618937265483,7.15514564563534
10.605545328639,6.678274216063931
10.949920059596346,6.315774499266724
11.294294790553693,5.953274782469517
11.638669521511039,5.59077506567231
11.983044252468387,5.228275348875103
12.327418983425734,4.865775632077896
12.67179371438308,4.503275915280689
13.016168445340426,4.140776198483481
13.360543176297774,3.7782764816862744
13.70491790725512,3.415776764889067
14.049292638212467,3.05327704809186
14.393667369169815,2.690777331294653
14.738042100127162,2.3282776144974457
15.082416831084508,1.9657778977002387
15.426791562041856,1.6032781809030316
15.771166292999201,1.2407784641058237
16.11554102395655,0.8782787473086167
16.459915754913897,0.5157790305114096
16.804290485871242,0.15327931371420256
17.14866521682859,-0.2092204030830045
17.493039947785938,-0.5717201198802115
17.837414678743283,-0.9342198366774186
18.18178940970063,-1.2967195534746256
18.526164140657976,-1.6592192702718336
18.870538871615324,-2.0217189870690397
19.214913602572672,-2.3842187038662477
19.55928833353002,-2.746718420663454
19.903663064487365,-3.109218137460662
20.24803779544471,-3.4717178542578697
20.592412526402057,-3.834217571055076
20.936787257359406,-4.196717287852284
21.281161988316754,-4.55921700464949
21.570278937265485,-4.943779782386795
21.570278937265485,-5.44377978238677
21.570278937265485,-5.94377978238677
21.570278937265485,-6.44377978238677
21.570278937265485,-6.943779782386787
21.48816434292239,-7.4304544181511245
21.33005045991397,-7.904796067176381
21.17193657690555,-8.379137716201637
21.013822693897133,-8.853479365226894
20.990138937265485,-9.349636020616733
20.746211573907406,-9.748597998479918
20.39265818331413,-10.102151389073194
20.039104792720853,-10.45570477966647
19.685551402127576,-10.809258170259747
19.3319980115343,-11.162811560853024
18.978444620941023,-11.5163649514463
18.60638097607107,-11.825230635121839
18.106380976071094,-11.825230635121839
17.60638097607112,-11.825230635121839
17.114205370629506,-11.746211921794643
16.623915032784044,-11.648153854225551
16.133624694938582,-11.550095786656458
15.643334357093117,-11.452037719087366
15.153044019247655,-11.353979651518273
14.662753681402192,-11.255921583949181
14.163826156686845,-11.245090635121839
13.735229954727622,-11.028356169767767
13.33314188399446,-10.731160639225864
12.931053813261295,-10.43396510868396
12.528965742528131,-10.136769578142058
12.126877671794968,-9.839574047600154
11.724789601061804,-9.54237851705825
11.322701530328642,-9.245182986516348
10.920613459595478,-8.947987455974443
10.518525388862315,-8.650791925432541
10.116437318129151,-8.353596394890637
9.714349247395987,-8.056400864348735
9.312261176662824,-7.759205333806831
8.910173105929662,-7.462009803264927
8.508085035196498,-7.1648142727230235
8.105996964463333,-6.86761874218112
7.70390889373017,-6.570423211639217
7.301820822997007,-6.273227681097314
6.899732752263843,-5.976032150555411
6.49764468153068,-5.678836620013508
6.095556610797517,-5.381641089471604
5.693468540064353,-5.0844455589297
5.291380469331189,-4.787250028387797
4.889292398598027,-4.490054497845894
4.487204327864863,-4.192858967303991
4.0851162571317,-3.895663436762087
3.683028186398536,-3.5984679062201836
3.2809401156653717,-3.3012723756782805
2.8788520449322093,-3.0040768451363764
2.476763974199045,-2.706881314594474
2.0746759034658826,-2.40968578405257
1.6725878327327184,-2.1124902535106678
1.270499761999556,-1.8152947229687637
0.8684116912663917,-1.5180991924268596
0.6852389372654812,-1.382710635121839
